<?xml version="1.0" encoding="UTF-8" standalone="no"?>
<feature id="org.wso2.stratos.cep.dashboard.ui" label="WSO2 Stratos CEP - Dashboard UI Features" provider-name="%providerName" version="2.1.0">
  <description>Features specific to the WSO2 CEP</description>
  <copyright>%copyright</copyright>
  <license url="%licenseURL">%license</license>
  <plugin id="org.wso2.stratos.cep.dashboard.ui" unpack="false" version="2.1.0"/>
  <plugin id="org.wso2.carbon.ui.menu.stratos" unpack="false" version="2.0.0"/>
  <require>
    <import feature="org.wso2.carbon.core.ui" match="equivalent" version="4.0.0"/>
  </require>
</feature>
